_id,vehicleSclId,vehicleUid,driverFirstName,driverLastName,totalTimeVehicleMovingSec,totalTimeVehicleIdleSec,totalMiles,totalKm,firstTime,lastTime,startLat,startLong,endLat,endLong,fuelEfficiencyKPL,fuelConsumedL,fuelEfficiencyMPG,fuelConsumedGal,totalTimeSegmentSec,idlePercent,runningPercent,nightTimeDrive
101467:0358979100020794:1638592413,ab9f4aa0-2746-11ec-aee5-dd69669a043b,SELIS 1010000014,,,0,161,0,0,2021-12-04T04:33:33.000Z,2021-12-04T04:36:14.000Z,-7.254058,110.441177,-7.254058,110.441177,,,,,161,100,0,0
101467:0358979100020794:1638592589,ab9f4aa0-2746-11ec-aee5-dd69669a043b,SELIS 1010000014,,,0,9,0,0,2021-12-04T04:36:29.000Z,2021-12-04T04:36:38.000Z,-7.254058,110.441177,-7.254058,110.441177,,,,,9,100,0,0
101467:0358979100020794:1638592634,ab9f4aa0-2746-11ec-aee5-dd69669a043b,SELIS 1010000014,,,6,44,0.06011423005211133,0.09674447544898505,2021-12-04T04:37:14.000Z,2021-12-04T04:38:04.000Z,-7.255081,110.443015,-7.255583,110.442313,,,,,50,88,12,0
101467:0358979100020794:1638592773,ab9f4aa0-2746-11ec-aee5-dd69669a043b,SELIS 1010000014,,,57,0,0.01154036413043236,0.018572415771126536,2021-12-04T04:39:33.000Z,2021-12-04T04:40:30.000Z,-7.254788,110.441062,-7.254939,110.441016,,,,,57,0,100,0
101467:0358979100020794:1638592835,ab9f4aa0-2746-11ec-aee5-dd69669a043b,SELIS 1010000014,,,12,30,0.01724021683565421,0.027745439523159093,2021-12-04T04:40:35.000Z,2021-12-04T04:41:17.000Z,-7.255037,110.441093,-7.254788,110.441077,,,,,42,71.42857142857143,28.571428571428573,0
101467:0358979100020794:1638592902,ab9f4aa0-2746-11ec-aee5-dd69669a043b,SELIS 1010000014,,,18,0,0.00869177942441258,0.01398806306600184,2021-12-04T04:41:42.000Z,2021-12-04T04:42:00.000Z,-7.254754,110.441032,-7.254701,110.440917,,,,,18,0,100,0
101467:0358979100020794:1638607285,ab9f4aa0-2746-11ec-aee5-dd69669a043b,SELIS 1010000014,,,54,180,0.06390852692228442,0.1028508043512169,2021-12-04T08:41:25.000Z,2021-12-04T08:45:19.000Z,-7.254748,110.441001,-7.254093,110.441436,,,,,234,76.92307692307692,23.076923076923077,0
101467:0358979100020794:1638607557,ab9f4aa0-2746-11ec-aee5-dd69669a043b,SELIS 1010000014,,,25,0,0.0010364637762194095,0.0016680267594760495,2021-12-04T08:45:57.000Z,2021-12-04T08:46:22.000Z,-7.254093,110.441436,-7.254108,110.441436,,,,,25,0,100,0
101467:0358979100036352:1639018837,e2236ca0-5162-11ec-a410-d301109ec991,SELIS 4010000001,,,0,77,0.008745964465389314,0.0140752654365875,2021-12-09T03:00:37.000Z,2021-12-09T03:01:54.000Z,-6.22048,106.528045,-6.220554,106.528121,,,,,77,100,0,0
101467:0358979100036352:1639019060,e2236ca0-5162-11ec-a410-d301109ec991,SELIS 4010000001,,,0,23,0.0030980266150925084,0.004985790544839438,2021-12-09T03:04:20.000Z,2021-12-09T03:04:43.000Z,-6.220554,106.528121,-6.220551,106.528076,,,,,23,100,0,0
101467:0358979100036352:1639019127,e2236ca0-5162-11ec-a410-d301109ec991,SELIS 4010000001,,,0,692,0.005004549624298566,0.00805404191056715,2021-12-09T03:05:27.000Z,2021-12-09T03:16:59.000Z,-6.220551,106.528076,-6.220525,106.528144,,,,,692,100,0,0
101467:0358979100020117:1639019701,44e19790-5163-11ec-a410-d301109ec991,SELIS 4010000005,,,0,5705,0.05344162350616177,0.08600595613990042,2021-12-09T03:15:01.000Z,2021-12-09T04:50:06.000Z,-6.220571,106.528091,-6.220504,106.528121,,,,,5705,100,0,0
101467:0358979100036345:1639019758,111f7850-5163-11ec-9f21-0fb1de4aafea,SELIS 4010000003,,,0,35,0,0,2021-12-09T03:15:58.000Z,2021-12-09T03:16:33.000Z,-6.220422,106.528091,-6.220422,106.528091,,,,,35,100,0,0
101467:0358979100040743:1639019815,29b40ac0-5163-11ec-9f21-0fb1de4aafea,SELIS 4010000004,,,0,17,0,0,2021-12-09T03:16:55.000Z,2021-12-09T03:17:12.000Z,-6.220498,106.528091,-6.220498,106.528091,,,,,17,100,0,0
101467:0358979100039307:1639203200,d73bb7b0-5163-11ec-a410-d301109ec991,SELIS 1010100019,,,0,180,0,0,2021-12-11T06:13:20.000Z,2021-12-11T06:16:20.000Z,-6.220564,106.52832,-6.220564,106.52832,,,,,180,100,0,0
101467:0358979100040743:1639543780,29b40ac0-5163-11ec-9f21-0fb1de4aafea,SELIS 4010000004,,,0,33,0.02725285943842414,0.04385922582007126,2021-12-15T04:49:40.000Z,2021-12-15T04:50:13.000Z,-6.220274,106.528175,-6.22048,106.528144,,,,,33,100,0,0
101467:0358979100020117:1639547828,44e19790-5163-11ec-a410-d301109ec991,SELIS 4010000005,,,0,7,0.0030145545284222595,0.004851455242989193,2021-12-15T05:57:08.000Z,2021-12-15T05:57:15.000Z,-6.220504,106.528121,-6.220545,106.528106,,,,,7,100,0,0
101467:0358979100020117:1639547849,44e19790-5163-11ec-a410-d301109ec991,SELIS 4010000005,,,0,5,0,0,2021-12-15T05:57:29.000Z,2021-12-15T05:57:34.000Z,-6.220545,106.528106,-6.220545,106.528106,,,,,5,100,0,0
101467:0358979100020117:1639547871,44e19790-5163-11ec-a410-d301109ec991,SELIS 4010000005,,,0,10,0,0,2021-12-15T05:57:51.000Z,2021-12-15T05:58:01.000Z,-6.220572,106.52806,-6.220572,106.52806,,,,,10,100,0,0
101467:0358979100020117:1639547896,44e19790-5163-11ec-a410-d301109ec991,SELIS 4010000005,,,0,44,0.0028007718114797953,0.00450740531017414,2021-12-15T05:58:16.000Z,2021-12-15T05:59:00.000Z,-6.220525,106.528091,-6.22053,106.528121,,,,,44,100,0,0
101467:0358979100020117:1639547953,44e19790-5163-11ec-a410-d301109ec991,SELIS 4010000005,,,0,2,0.0002763903404497115,0.00044480713606070055,2021-12-15T05:59:13.000Z,2021-12-15T05:59:15.000Z,-6.220525,106.528121,-6.220521,106.528121,,,,,2,100,0,0
101467:0358979100020117:1639547956,44e19790-5163-11ec-a410-d301109ec991,SELIS 4010000005,,,0,6,0,0,2021-12-15T05:59:16.000Z,2021-12-15T05:59:22.000Z,-6.220521,106.528121,-6.220521,106.528121,,,,,6,100,0,0
101467:0358979100020117:1639547997,44e19790-5163-11ec-a410-d301109ec991,SELIS 4010000005,,,0,4,0.0010667877231305381,0.0017168284214937929,2021-12-15T05:59:57.000Z,2021-12-15T06:00:01.000Z,-6.220521,106.528121,-6.220517,106.528106,,,,,4,100,0,0
101467:0358979100020117:1639548002,44e19790-5163-11ec-a410-d301109ec991,SELIS 4010000005,,,0,2,0,0,2021-12-15T06:00:02.000Z,2021-12-15T06:00:04.000Z,-6.220517,106.528106,-6.220517,106.528106,,,,,2,100,0,0
101467:0358979100020117:1639548005,44e19790-5163-11ec-a410-d301109ec991,SELIS 4010000005,,,0,212,0,0,2021-12-15T06:00:05.000Z,2021-12-15T06:03:37.000Z,-6.220517,106.528106,-6.220517,106.528106,,,,,212,100,0,0
101467:0358979100020117:1639548250,44e19790-5163-11ec-a410-d301109ec991,SELIS 4010000005,,,0,151,0,0,2021-12-15T06:04:10.000Z,2021-12-15T06:06:41.000Z,-6.220517,106.528106,-6.220517,106.528106,,,,,151,100,0,0
101467:0358979100036345:1639549218,111f7850-5163-11ec-9f21-0fb1de4aafea,SELIS 4010000003,,,0,1,0.0030053788963621346,0.004836688494587024,2021-12-15T06:20:18.000Z,2021-12-15T06:20:19.000Z,-6.220469,106.528144,-6.220506,106.528121,,,,,1,100,0,0
101467:0358979100036345:1639549220,111f7850-5163-11ec-9f21-0fb1de4aafea,SELIS 4010000003,,,0,20,0,0,2021-12-15T06:20:20.000Z,2021-12-15T06:20:40.000Z,-6.220506,106.528121,-6.220506,106.528121,,,,,20,100,0,0
101467:0358979100036352:1639549563,e2236ca0-5162-11ec-a410-d301109ec991,SELIS 4010000001,,,0,18,0.0038513851583290354,0.006198203596245884,2021-12-15T06:26:03.000Z,2021-12-15T06:26:21.000Z,-6.220536,106.528106,-6.220551,106.52816,,,,,18,100,0,0
101467:0358979100036352:1639619595,e2236ca0-5162-11ec-a410-d301109ec991,SELIS 4010000001,,,0,52,0,0,2021-12-16T01:53:15.000Z,2021-12-16T01:54:07.000Z,-6.221015,106.52835,-6.221015,106.52835,,,,,52,100,0,0
101467:0358979100040743:1639619737,29b40ac0-5163-11ec-9f21-0fb1de4aafea,SELIS 4010000004,,,0,48,0,0,2021-12-16T01:55:37.000Z,2021-12-16T01:56:25.000Z,-6.22048,106.528144,-6.22048,106.528144,,,,,48,100,0,0
101467:0358979100020794:1639793546,ab9f4aa0-2746-11ec-aee5-dd69669a043b,SELIS 1010000014,,,0,261,0,0,2021-12-18T02:12:26.000Z,2021-12-18T02:16:47.000Z,-7.254098,110.441421,-7.254098,110.441421,,,,,261,100,0,0
101467:0358979100020794:1639795926,ab9f4aa0-2746-11ec-aee5-dd69669a043b,SELIS 1010000014,,,26,0,0.023102248207857133,0.03717946453982563,2021-12-18T02:52:06.000Z,2021-12-18T02:52:32.000Z,-7.254792,110.441016,-7.254771,110.440932,,,,,26,0,100,0
101467:0358979100020794:1639795983,ab9f4aa0-2746-11ec-aee5-dd69669a043b,SELIS 1010000014,,,179,989,0.48469520032946395,0.7800413124790209,2021-12-18T02:53:03.000Z,2021-12-18T03:12:31.000Z,-7.254765,110.440917,-7.254989,110.440413,,,,,1168,84.67465753424658,15.325342465753424,0
101467:0358979100020794:1639797158,ab9f4aa0-2746-11ec-aee5-dd69669a043b,SELIS 1010000014,,,100,0,0.1531804775101952,0.2465200823981676,2021-12-18T03:12:38.000Z,2021-12-18T03:14:18.000Z,-7.255017,110.440475,-7.255229,110.439941,,,,,100,0,100,0
101467:0358979100020794:1639797260,ab9f4aa0-2746-11ec-aee5-dd69669a043b,SELIS 1010000014,,,19,0,0.0026257082333382416,0.004225667791073499,2021-12-18T03:14:20.000Z,2021-12-18T03:14:39.000Z,-7.255201,110.439926,-7.255239,110.439926,,,,,19,0,100,0
101467:0358979100020794:1639797280,ab9f4aa0-2746-11ec-aee5-dd69669a043b,SELIS 1010000014,,,5,0,0.0013055383861001692,0.002101060368439991,2021-12-18T03:14:40.000Z,2021-12-18T03:14:45.000Z,-7.255242,110.439926,-7.255252,110.439941,,,,,5,0,100,0
101467:0358979100020794:1639797316,ab9f4aa0-2746-11ec-aee5-dd69669a043b,SELIS 1010000014,,,122,30,0.270134508188088,0.4347393499454503,2021-12-18T03:15:16.000Z,2021-12-18T03:17:48.000Z,-7.25539,110.440055,-7.254856,110.440269,,,,,152,19.736842105263158,80.26315789473684,0
101467:0358979100020794:1639797476,ab9f4aa0-2746-11ec-aee5-dd69669a043b,SELIS 1010000014,,,360,457,0.6937607990337935,1.1164997793602414,2021-12-18T03:17:56.000Z,2021-12-18T03:31:33.000Z,-7.254831,110.44017,-7.254785,110.441192,,,,,817,55.936352509179926,44.063647490820074,0
101467:0358979100020794:1639798318,ab9f4aa0-2746-11ec-aee5-dd69669a043b,SELIS 1010000014,,,48,0,0.006385364865272096,0.010276248633736457,2021-12-18T03:31:58.000Z,2021-12-18T03:32:46.000Z,-7.254827,110.441116,-7.254766,110.441047,,,,,48,0,100,0
101467:0358979100020794:1639809124,ab9f4aa0-2746-11ec-aee5-dd69669a043b,SELIS 1010000014,,,0,4,0.0022344015262662676,0.0035959206898874604,2021-12-18T06:32:04.000Z,2021-12-18T06:32:08.000Z,-7.254756,110.441016,-7.254766,110.441047,,,,,4,100,0,0
101467:0358979100020794:1639809134,ab9f4aa0-2746-11ec-aee5-dd69669a043b,SELIS 1010000014,,,9,3216,0.00805095595144513,0.012956757654722512,2021-12-18T06:32:14.000Z,2021-12-18T07:25:59.000Z,-7.254756,110.441016,-7.254717,110.441116,,,,,3225,99.72093023255815,0.27906976744186046,0
101467:0358979100020794:1639818399,ab9f4aa0-2746-11ec-aee5-dd69669a043b,SELIS 1010000014,,,36,144,0.009446093831708628,0.01520201443149729,2021-12-18T09:06:39.000Z,2021-12-18T09:09:39.000Z,-7.254717,110.441116,-7.254588,110.441161,,,,,180,80,20,0
101467:0358979100020794:1639883654,ab9f4aa0-2746-11ec-aee5-dd69669a043b,SELIS 1010000014,,,25,445,0.08127504283577099,0.13079950253749104,2021-12-19T03:14:14.000Z,2021-12-19T03:22:04.000Z,-7.255046,110.441718,-7.255046,110.441718,,,,,470,94.68085106382979,5.319148936170213,0
101467:0358979100020794:1639890701,ab9f4aa0-2746-11ec-aee5-dd69669a043b,SELIS 1010000014,,,48,122,0.06931157790689868,0.11154617203499996,2021-12-19T05:11:41.000Z,2021-12-19T05:14:31.000Z,-7.254771,110.441093,-7.254851,110.441047,,,,,170,71.76470588235294,28.235294117647058,0
101467:0358979100020794:1639896295,ab9f4aa0-2746-11ec-aee5-dd69669a043b,SELIS 1010000014,,,14,3,0.024342770929667152,0.039175892339034256,2021-12-19T06:44:55.000Z,2021-12-19T06:45:12.000Z,-7.254772,110.441047,-7.25504,110.440848,,,,,17,17.647058823529413,82.3529411764706,0
101467:0358979100020794:1639896319,ab9f4aa0-2746-11ec-aee5-dd69669a043b,SELIS 1010000014,,,0,9,0.006323069021566243,0.010175993191443505,2021-12-19T06:45:19.000Z,2021-12-19T06:45:28.000Z,-7.254711,110.440986,-7.254696,110.441077,,,,,9,100,0,0
101467:0358979100020794:1639896350,ab9f4aa0-2746-11ec-aee5-dd69669a043b,SELIS 1010000014,,,0,2,0.0013652883198483703,0.002197218565818056,2021-12-19T06:45:50.000Z,2021-12-19T06:45:52.000Z,-7.254827,110.441047,-7.254814,110.441032,,,,,2,100,0,0
101467:0358979100020794:1639897312,ab9f4aa0-2746-11ec-aee5-dd69669a043b,SELIS 1010000014,,,0,15,0.01735355419370146,0.027927838320308287,2021-12-19T07:01:52.000Z,2021-12-19T07:02:07.000Z,-7.254736,110.440986,-7.254656,110.441062,,,,,15,100,0,0
101467:0358979100020794:1639900903,ab9f4aa0-2746-11ec-aee5-dd69669a043b,SELIS 1010000014,,,0,58,0.0011161297166671432,0.001796236662739967,2021-12-19T08:01:43.000Z,2021-12-19T08:02:41.000Z,-7.25461,110.441245,-7.254613,110.441261,,,,,58,100,0,0
101467:0358979100020794:1639909606,ab9f4aa0-2746-11ec-aee5-dd69669a043b,SELIS 1010000014,,,0,138,0,0,2021-12-19T10:26:46.000Z,2021-12-19T10:29:04.000Z,-7.254613,110.441261,-7.254613,110.441261,,,,,138,100,0,0
101467:0358979100015497:1640076917,de622250-2746-11ec-8aea-d74c5d87ebae,SELIS 1010000018,,,0,51,0,0,2021-12-21T08:55:17.000Z,2021-12-21T08:56:08.000Z,-7.254114,110.441436,-7.254114,110.441436,,,,,51,100,0,0
101467:0358979100015497:1640077943,de622250-2746-11ec-8aea-d74c5d87ebae,SELIS 1010000018,,,0,3,0,0,2021-12-21T09:12:23.000Z,2021-12-21T09:12:26.000Z,-6.977289,110.39344,-6.977289,110.39344,,,,,3,100,0,0
101467:0358979100013898:1640315454,481d4130-274b-11ec-aee5-dd69669a043b,SELIS 1010000024,,,0,167,0,0,2021-12-24T03:10:54.000Z,2021-12-24T03:13:41.000Z,-7.255518,110.44149,-7.255518,110.44149,,,,,167,100,0,0
101467:0358979100020794:1640316472,ab9f4aa0-2746-11ec-aee5-dd69669a043b,SELIS 1010000014,,,0,228,0,0,2021-12-24T03:27:52.000Z,2021-12-24T03:31:40.000Z,-7.254086,110.441436,-7.254086,110.441436,,,,,228,100,0,0
101467:0358979100020794:1640317517,ab9f4aa0-2746-11ec-aee5-dd69669a043b,SELIS 1010000014,,,14,0,0.004405702270058006,0.007090290514104233,2021-12-24T03:45:17.000Z,2021-12-24T03:45:31.000Z,-7.254785,110.440986,-7.254847,110.441001,,,,,14,0,100,0
101467:0358979100020794:1640336646,ab9f4aa0-2746-11ec-aee5-dd69669a043b,SELIS 1010000014,,,0,42,0,0,2021-12-24T09:04:06.000Z,2021-12-24T09:04:48.000Z,-7.254847,110.441001,-7.254847,110.441001,,,,,42,100,0,0
101467:0358979100020794:1640398782,ab9f4aa0-2746-11ec-aee5-dd69669a043b,SELIS 1010000014,,,0,255,0,0,2021-12-25T02:19:42.000Z,2021-12-25T02:23:57.000Z,-7.254847,110.441001,-7.254847,110.441001,,,,,255,100,0,0
101467:0358979100020794:1640399049,ab9f4aa0-2746-11ec-aee5-dd69669a043b,SELIS 1010000014,,,0,12,0,0,2021-12-25T02:24:09.000Z,2021-12-25T02:24:21.000Z,-7.254847,110.441001,-7.254847,110.441001,,,,,12,100,0,0
101467:0358979100020794:1640399072,ab9f4aa0-2746-11ec-aee5-dd69669a043b,SELIS 1010000014,,,0,29,0,0,2021-12-25T02:24:32.000Z,2021-12-25T02:25:01.000Z,-7.254847,110.441001,-7.254847,110.441001,,,,,29,100,0,0
101467:0358979100020794:1640484919,ab9f4aa0-2746-11ec-aee5-dd69669a043b,SELIS 1010000014,,,0,106,0,0,2021-12-26T02:15:19.000Z,2021-12-26T02:17:05.000Z,-7.254758,110.441062,-7.254758,110.441062,,,,,106,100,0,0
101467:0358979100020794:1640485195,ab9f4aa0-2746-11ec-aee5-dd69669a043b,SELIS 1010000014,,,651,8745,1.4216101301542179,2.2878597333029096,2021-12-26T02:19:55.000Z,2021-12-26T04:56:31.000Z,-7.254758,110.441062,-7.254756,110.441016,,,,,9396,93.07151979565772,6.928480204342273,0
101467:0358979100020992:1640485305,50a53ec0-274b-11ec-aee5-dd69669a043b,SELIS 1010000025,,,738,1856,1.8391377434956757,2.959805292668305,2021-12-26T02:21:45.000Z,2021-12-26T03:04:59.000Z,-7.256709,110.439742,-7.254763,110.441062,,,,,2594,71.54973014649191,28.450269853508097,0
101467:0358979100020992:1640497228,50a53ec0-274b-11ec-aee5-dd69669a043b,SELIS 1010000025,,,388,3023,0.8257511616132841,1.3289176774353693,2021-12-26T05:40:28.000Z,2021-12-26T06:37:19.000Z,-7.254763,110.441062,-7.254712,110.441001,,,,,3411,88.62503664614482,11.374963353855174,0
101467:0358979100020992:1640500679,50a53ec0-274b-11ec-aee5-dd69669a043b,SELIS 1010000025,,,921,1999,2.0217416833226554,3.2536778476052155,2021-12-26T06:37:59.000Z,2021-12-26T07:26:39.000Z,-7.254712,110.441001,-7.254743,110.441016,,,,,2920,68.45890410958904,31.541095890410958,0
101467:0358979100020794:1640500731,ab9f4aa0-2746-11ec-aee5-dd69669a043b,SELIS 1010000014,,,620,1498,1.6357940997067892,2.632555419598523,2021-12-26T06:38:51.000Z,2021-12-26T07:14:09.000Z,-7.254811,110.441016,-7.254551,110.440627,,,,,2118,70.72710103871577,29.27289896128423,0
101467:0358979100020794:1640503010,ab9f4aa0-2746-11ec-aee5-dd69669a043b,SELIS 1010000014,,,93,125,0.21429219592464835,0.3448698597581573,2021-12-26T07:16:50.000Z,2021-12-26T07:20:28.000Z,-7.254555,110.440605,-7.253568,110.438346,,,,,218,57.3394495412844,42.6605504587156,0
101467:0358979100020794:1640503259,ab9f4aa0-2746-11ec-aee5-dd69669a043b,SELIS 1010000014,,,139,73,0.2715028313609742,0.4369414526337957,2021-12-26T07:20:59.000Z,2021-12-26T07:24:31.000Z,-7.253568,110.438346,-7.254709,110.440932,,,,,212,34.43396226415094,65.56603773584905,0
101467:0358979100020794:1640503757,ab9f4aa0-2746-11ec-aee5-dd69669a043b,SELIS 1010000014,,,0,4,0.006357157657251147,0.01023085353275119,2021-12-26T07:29:17.000Z,2021-12-26T07:29:21.000Z,-7.254714,110.440963,-7.254753,110.441047,,,,,4,100,0,0
101467:0358979100020794:1640503768,ab9f4aa0-2746-11ec-aee5-dd69669a043b,SELIS 1010000014,,,27,300,0.07818605022901874,0.12582825081976995,2021-12-26T07:29:28.000Z,2021-12-26T07:34:55.000Z,-7.254717,110.441032,-7.255301,110.440055,,,,,327,91.74311926605505,8.256880733944953,0
101467:0358979100020992:1640503788,50a53ec0-274b-11ec-aee5-dd69669a043b,SELIS 1010000025,,,1186,2606,2.138924537814793,3.44226537138501,2021-12-26T07:29:48.000Z,2021-12-26T08:33:00.000Z,-7.254711,110.441001,-7.256476,110.439857,,,,,3792,68.72362869198312,31.276371308016877,0
101467:0358979100020794:1640504126,ab9f4aa0-2746-11ec-aee5-dd69669a043b,SELIS 1010000014,,,3,0,0.0025988823854175896,0.004182495773677485,2021-12-26T07:35:26.000Z,2021-12-26T07:35:29.000Z,-7.255401,110.439971,-7.255424,110.439941,,,,,3,0,100,0
101467:0358979100020794:1640504138,ab9f4aa0-2746-11ec-aee5-dd69669a043b,SELIS 1010000014,,,0,5,0,0,2021-12-26T07:35:38.000Z,2021-12-26T07:35:43.000Z,-7.255426,110.43991,-7.255426,110.43991,,,,,5,100,0,0
101467:0358979100020794:1640504164,ab9f4aa0-2746-11ec-aee5-dd69669a043b,SELIS 1010000014,,,52,0,0.002334713559702384,0.0037573572590256735,2021-12-26T07:36:04.000Z,2021-12-26T07:36:56.000Z,-7.255391,110.440055,-7.255377,110.440086,,,,,52,0,100,0
101467:0358979100020794:1640504509,ab9f4aa0-2746-11ec-aee5-dd69669a043b,SELIS 1010000014,,,15,0,0.0033350934905774267,0.005367312698499839,2021-12-26T07:41:49.000Z,2021-12-26T07:42:04.000Z,-7.254694,110.441047,-7.254732,110.441077,,,,,15,0,100,0
101467:0358979100013898:1640504702,481d4130-274b-11ec-aee5-dd69669a043b,SELIS 1010000024,,,0,741,0,0,2021-12-26T07:45:02.000Z,2021-12-26T07:57:23.000Z,-7.253767,110.442138,-7.253767,110.442138,,,,,741,100,0,0
101467:0358979100013898:1640505444,481d4130-274b-11ec-aee5-dd69669a043b,SELIS 1010000024,,,0,1,0,0,2021-12-26T07:57:24.000Z,2021-12-26T07:57:25.000Z,-7.253767,110.442138,-7.253767,110.442138,,,,,1,100,0,0
101467:0358979100013898:1640505446,481d4130-274b-11ec-aee5-dd69669a043b,SELIS 1010000024,,,0,5,0,0,2021-12-26T07:57:26.000Z,2021-12-26T07:57:31.000Z,-7.253767,110.442138,-7.253767,110.442138,,,,,5,100,0,0
101467:0358979100013898:1640505479,481d4130-274b-11ec-aee5-dd69669a043b,SELIS 1010000024,,,0,60,0,0,2021-12-26T07:57:59.000Z,2021-12-26T07:58:59.000Z,-7.253767,110.442138,-7.253767,110.442138,,,,,60,100,0,0
101467:0358979100013898:1640505720,481d4130-274b-11ec-aee5-dd69669a043b,SELIS 1010000024,,,0,1,0,0,2021-12-26T08:02:00.000Z,2021-12-26T08:02:01.000Z,-7.253767,110.442138,-7.253767,110.442138,,,,,1,100,0,0
101467:0358979100013898:1640505722,481d4130-274b-11ec-aee5-dd69669a043b,SELIS 1010000024,,,0,4,0,0,2021-12-26T08:02:02.000Z,2021-12-26T08:02:06.000Z,-7.253767,110.442138,-7.253767,110.442138,,,,,4,100,0,0
101467:0358979100013898:1640505738,481d4130-274b-11ec-aee5-dd69669a043b,SELIS 1010000024,,,0,3,0,0,2021-12-26T08:02:18.000Z,2021-12-26T08:02:21.000Z,-7.253767,110.442138,-7.253767,110.442138,,,,,3,100,0,0
101467:0358979100013898:1640505766,481d4130-274b-11ec-aee5-dd69669a043b,SELIS 1010000024,,,0,181,0,0,2021-12-26T08:02:46.000Z,2021-12-26T08:05:47.000Z,-7.253767,110.442138,-7.253767,110.442138,,,,,181,100,0,0
101467:0358979100013898:1640505951,481d4130-274b-11ec-aee5-dd69669a043b,SELIS 1010000024,,,0,4,0,0,2021-12-26T08:05:51.000Z,2021-12-26T08:05:55.000Z,-7.253767,110.442138,-7.253767,110.442138,,,,,4,100,0,0
101467:0358979100013898:1640505960,481d4130-274b-11ec-aee5-dd69669a043b,SELIS 1010000024,,,0,12,0,0,2021-12-26T08:06:00.000Z,2021-12-26T08:06:12.000Z,-7.253767,110.442138,-7.253767,110.442138,,,,,12,100,0,0
101467:0358979100013898:1640506224,481d4130-274b-11ec-aee5-dd69669a043b,SELIS 1010000024,,,0,14,0,0,2021-12-26T08:10:24.000Z,2021-12-26T08:10:38.000Z,-7.253767,110.442138,-7.253767,110.442138,,,,,14,100,0,0
101467:0358979100020794:1640510231,ab9f4aa0-2746-11ec-aee5-dd69669a043b,SELIS 1010000014,,,7,0,0.051619767874953315,0.08307396371094887,2021-12-26T09:17:11.000Z,2021-12-26T09:17:18.000Z,-7.254732,110.441077,-7.254137,110.44152,,,,,7,0,100,0
101467:0358979100020794:1640510246,ab9f4aa0-2746-11ec-aee5-dd69669a043b,SELIS 1010000014,,,17,0,0.0031538051200798354,0.005075557347169763,2021-12-26T09:17:26.000Z,2021-12-26T09:17:43.000Z,-7.25409,110.44152,-7.254091,110.441474,,,,,17,0,100,0
101467:0358979100020794:1640575759,ab9f4aa0-2746-11ec-aee5-dd69669a043b,SELIS 1010000014,,,0,10,0,0,2021-12-27T03:29:19.000Z,2021-12-27T03:29:29.000Z,-7.254091,110.441474,-7.254091,110.441474,,,,,10,100,0,0
101467:0358979100020794:1640832563,ab9f4aa0-2746-11ec-aee5-dd69669a043b,SELIS 1010000014,,,0,80,0,0,2021-12-30T02:49:23.000Z,2021-12-30T02:50:43.000Z,-7.254091,110.441474,-7.254091,110.441474,,,,,80,100,0,0
101467:0358979100020794:1640832704,ab9f4aa0-2746-11ec-aee5-dd69669a043b,SELIS 1010000014,,,0,130,0,0,2021-12-30T02:51:44.000Z,2021-12-30T02:53:54.000Z,-7.254091,110.441474,-7.254091,110.441474,,,,,130,100,0,0
101467:0358979100020794:1640836172,ab9f4aa0-2746-11ec-aee5-dd69669a043b,SELIS 1010000014,,,0,82,0,0,2021-12-30T03:49:32.000Z,2021-12-30T03:50:54.000Z,-7.254091,110.441474,-7.254091,110.441474,,,,,82,100,0,0
101467:0358979100020794:1640841375,ab9f4aa0-2746-11ec-aee5-dd69669a043b,SELIS 1010000014,,,77,0,0.12865807083114633,0.20705509434368038,2021-12-30T05:16:15.000Z,2021-12-30T05:17:32.000Z,-7.254091,110.441474,-7.254091,110.439597,,,,,77,0,100,0
101467:0358979100020794:1640854029,ab9f4aa0-2746-11ec-aee5-dd69669a043b,SELIS 1010000014,,,0,46,0.1121208160567993,0.1804409625961136,2021-12-30T08:47:09.000Z,2021-12-30T08:47:55.000Z,-7.254842,110.441047,-7.254091,110.439597,,,,,46,100,0,0
101467:0358979100020794:1640854302,ab9f4aa0-2746-11ec-aee5-dd69669a043b,SELIS 1010000014,,,25,152,0.23968839268002784,0.3857410766292467,2021-12-30T08:51:42.000Z,2021-12-30T08:54:39.000Z,-7.254699,110.441077,-7.254176,110.44149,,,,,177,85.87570621468926,14.124293785310735,0
